{
    "metadata":{
        "uvs":0,
        "type":"Geometry",
        "version":3,
        "normals":5,
        "generator":"io_three",
        "faces":5,
        "vertices":20
    },
    "uvs":[],
    "normals":[0,0,-1,1,0,-0,-1,0,-0,0,-1,-0,0,1,-0],
    "vertices":[40,-23.99,-20,-40,-23.99,-20,-40,-23.99,20,40,-23.99,20,40,0.009999,-20,40,0.010001,20,-40,0.010001,20,-40,0.009999,-20,-40,1e-06,20,-40,-24,20,40,-24,20,40,1e-06,20,40,-1e-06,-20,40,-24,-20,-40,-24,-20,-40,-1e-06,-20,-40,0.010001,20,-40,0.009999,-20,40,0.009999,-20,40,0.010001,20],
    "faces":[33,17,16,5,18,0,0,0,0,33,3,0,4,19,1,1,1,1,33,6,7,1,2,2,2,2,2,33,8,11,10,9,3,3,3,3,33,12,15,14,13,4,4,4,4],
    "name":"LDrawMesh.011Geometry.1"
}